{
  "type": "kafka",
  "spec": {
    "dataSchema": {
      "dataSource": "druid-final_aviation_incident_data",
      "timestampSpec": {
        "column": "acciendent_occured_date",
        "format": "iso",
        "missingValue": null
      },
      "dimensionsSpec": {
        "dimensions": [
          {
            "type": "string",
            "name": "aircraft_type",
            "multiValueHandling": "SORTED_ARRAY",
            "createBitmapIndex": true
          },
          {
            "type": "string",
            "name": "airline_operator",
            "multiValueHandling": "SORTED_ARRAY",
            "createBitmapIndex": true
          },
          {
            "type": "string",
            "name": "class",
            "multiValueHandling": "SORTED_ARRAY",
            "createBitmapIndex": true
          },
          {
            "type": "string",
            "name": "flight_phase",
            "multiValueHandling": "SORTED_ARRAY",
            "createBitmapIndex": true
          },
          {
            "type": "string",
            "name": "injury_level",
            "multiValueHandling": "SORTED_ARRAY",
            "createBitmapIndex": true
          },
          {
            "type": "string",
            "name": "is_it_airplane",
            "multiValueHandling": "SORTED_ARRAY",
            "createBitmapIndex": true
          },
          {
            "type": "string",
            "name": "is_it_helicopter",
            "multiValueHandling": "SORTED_ARRAY",
            "createBitmapIndex": true
          },
          {
            "type": "string",
            "name": "location",
            "multiValueHandling": "SORTED_ARRAY",
            "createBitmapIndex": true
          },
          {
            "type": "string",
            "name": "plane_model",
            "multiValueHandling": "SORTED_ARRAY",
            "createBitmapIndex": true
          },
          {
            "type": "string",
            "name": "plane_register_no",
            "multiValueHandling": "SORTED_ARRAY",
            "createBitmapIndex": true
          },
          {
            "type": "string",
            "name": "state_of_occurrence",
            "multiValueHandling": "SORTED_ARRAY",
            "createBitmapIndex": true
          },
          {
            "type": "string",
            "name": "state_of_registry_code",
            "multiValueHandling": "SORTED_ARRAY",
            "createBitmapIndex": true
          }
        ],
        "dimensionExclusions": [
          "sum_year",
          "sum_deaths",
          "year",
          "acciendent_occured_date",
          "count",
          "deaths"
        ]
      },
      "metricsSpec": [
        {
          "type": "count",
          "name": "count"
        },
        {
          "type": "longSum",
          "name": "sum_deaths",
          "fieldName": "deaths",
          "expression": null
        },
        {
          "type": "longSum",
          "name": "sum_year",
          "fieldName": "year",
          "expression": null
        }
      ],
      "granularitySpec": {
        "type": "uniform",
        "segmentGranularity": "HOUR",
        "queryGranularity": "HOUR",
        "rollup": true,
        "intervals": null
      },
      "transformSpec": {
        "filter": null,
        "transforms": []
      }
    },
    "ioConfig": {
      "topic": "druid-final_aviation_incident",
      "inputFormat": {
        "type": "csv",
        "columns": [
          "acciendent_occured_date",
          "aircraft_type",
          "airline_operator",
          "class",
          "deaths",
          "flight_phase",
          "injury_level",
          "is_it_airplane",
          "is_it_helicopter",
          "list_of_occurrence_categery",
          "location",
          "plane_model",
          "plane_register_no",
          "state_of_occurrence",
          "state_of_registry_code",
          "year"
        ],
        "listDelimiter": null,
        "findColumnsFromHeader": false,
        "skipHeaderRows": 0
      },
      "replicas": 1,
      "taskCount": 1,
      "taskDuration": "PT3600S",
      "consumerProperties": {
        "bootstrap.servers": "localhost:9092"
      },
      "pollTimeout": 100,
      "startDelay": "PT5S",
      "period": "PT30S",
      "useEarliestOffset": true,
      "completionTimeout": "PT1800S",
      "lateMessageRejectionPeriod": null,
      "earlyMessageRejectionPeriod": null,
      "lateMessageRejectionStartDateTime": null,
      "stream": "druid-final_aviation_incident",
      "useEarliestSequenceNumber": true,
      "type": "kafka"
    },
    "tuningConfig": {
      "type": "kafka",
      "maxRowsInMemory": 1000000,
      "maxBytesInMemory": 0,
      "maxRowsPerSegment": 5000000,
      "maxTotalRows": null,
      "intermediatePersistPeriod": "PT10M",
      "basePersistDirectory": "/home/ubuntu/apache-druid-0.18.1/var/tmp/druid-realtime-persist8331053139696238229",
      "maxPendingPersists": 0,
      "indexSpec": {
        "bitmap": {
          "type": "roaring",
          "compressRunOnSerialization": true
        },
        "dimensionCompression": "lz4",
        "metricCompression": "lz4",
        "longEncoding": "longs"
      },
      "indexSpecForIntermediatePersists": {
        "bitmap": {
          "type": "roaring",
          "compressRunOnSerialization": true
        },
        "dimensionCompression": "lz4",
        "metricCompression": "lz4",
        "longEncoding": "longs"
      },
      "buildV9Directly": true,
      "reportParseExceptions": false,
      "handoffConditionTimeout": 0,
      "segmentWriteOutMediumFactory": null,
      "workerThreads": null,
      "chatThreads": null,
      "chatRetries": 8,
      "httpTimeout": "PT10S",
      "shutdownTimeout": "PT80S",
      "offsetFetchPeriod": "PT30S",
      "intermediateHandoffPeriod": "P2147483647D",
      "logParseExceptions": false,
      "maxParseExceptions": 2147483647,
      "maxSavedParseExceptions": 0,
      "skipSequenceNumberAvailabilityCheck": false,
      "repartitionTransitionDuration": "PT120S"
    }
  }
}
